Generator,Generator type,Region,ISP sub-region,REZ location,Cost zone,Summer Peak Rating,Summer Typical Rating,Winter Rating,Maintenance time out (%),Days out equivalent,Build cost ($/kW),Connection cost ($/kW),Total lead time (years),Economic life (years),Technical life (years),FOM ($/kW/annum),VOM ($/MWh sent-out),Heat rate (GJ/MWh HHV s.o.),Fuel cost ($/GJ),Emissions (kg/MWh),Auxiliary load (%),SRMC ($/MWh)
OCGT (small GT),Gas,QLD,NQ,N/A,QLD Low,97.70,100.00,100.00,0.82,3.00,1602.88,110.49,4,25,40,13.47,12.83,10.19,16.93,248.81,1.70,185.36 
OCGT (small GT),Gas,QLD,CQ,N/A,QLD Low,97.70,100.00,100.00,0.82,3.00,1602.88,110.49,4,25,40,13.47,12.83,10.19,16.93,248.81,1.70,185.36 
OCGT (small GT),Gas,QLD,GG,N/A,QLD Low,97.70,100.00,100.00,0.82,3.00,1602.88,110.49,4,25,40,13.47,12.83,10.19,16.93,248.81,1.70,185.36 
OCGT (small GT),Gas,QLD,SQ,N/A,QLD Low,97.70,100.00,100.00,0.82,3.00,1602.88,110.49,4,25,40,13.47,12.83,10.19,16.93,248.81,1.70,185.36 
OCGT (small GT),Gas,NSW,NNSW,N/A,NSW Low,97.70,100.00,100.00,0.82,3.00,1602.88,85.54,4,25,40,13.47,12.83,10.19,17.46,248.81,1.70,190.75 
OCGT (small GT),Gas,NSW,CNSW,N/A,NSW Low,97.70,100.00,100.00,0.82,3.00,1602.88,85.54,4,25,40,13.47,12.83,10.19,17.46,248.81,1.70,190.75 
OCGT (small GT),Gas,NSW,SNW,N/A,NSW Low,97.70,100.00,100.00,0.82,3.00,1602.88,85.54,4,25,40,13.47,12.83,10.19,17.46,248.81,1.70,190.75 
OCGT (small GT),Gas,NSW,SNSW,N/A,NSW Medium,97.70,100.00,100.00,0.82,3.00,1672.13,85.54,4,25,40,14.55,13.86,10.19,17.46,248.81,1.70,191.77 
OCGT (small GT),Gas,VIC,VIC,N/A,VIC Low,97.70,100.00,100.00,0.82,3.00,1602.88,115.48,4,25,40,13.47,12.83,10.19,16.73,248.81,1.70,183.33 
OCGT (small GT),Gas,SA,CSA,N/A,SA Low,97.70,100.00,100.00,0.82,3.00,1602.88,110.49,4,25,40,13.47,12.83,10.19,16.98,248.81,1.70,185.89 
OCGT (small GT),Gas,SA,SESA,N/A,SA Medium,97.70,100.00,100.00,0.82,3.00,1636.38,110.49,4,25,40,15.09,14.37,10.19,16.98,248.81,1.70,187.43 
OCGT (small GT),Gas,TAS,TAS,N/A,TAS Low,97.70,100.00,100.00,0.82,3.00,1602.88,115.48,4,25,40,13.47,12.83,10.19,17.16,248.81,1.70,187.66 
OCGT (large GT),Gas,QLD,NQ,N/A,QLD Low,86.38,92.19,98.52,1.37,5.00,1018.43,110.49,4,25,40,10.91,7.81,10.93,16.93,266.91,1.10,192.88 
OCGT (large GT),Gas,QLD,CQ,N/A,QLD Low,86.38,92.19,98.52,1.37,5.00,1018.43,110.49,4,25,40,10.91,7.81,10.93,16.93,266.91,1.10,192.88 
OCGT (large GT),Gas,QLD,GG,N/A,QLD Low,86.38,92.19,98.52,1.37,5.00,1018.43,110.49,4,25,40,10.91,7.81,10.93,16.93,266.91,1.10,192.88 
OCGT (large GT),Gas,QLD,SQ,N/A,QLD Low,86.38,92.19,98.52,1.37,5.00,1018.43,110.49,4,25,40,10.91,7.81,10.93,16.93,266.91,1.10,192.88 
OCGT (large GT),Gas,NSW,NNSW,N/A,NSW Low,86.38,92.19,98.52,1.37,5.00,1018.43,85.54,4,25,40,10.91,7.81,10.93,17.46,266.91,1.10,198.66 
OCGT (large GT),Gas,NSW,CNSW,N/A,NSW Low,86.38,92.19,98.52,1.37,5.00,1018.43,85.54,4,25,40,10.91,7.81,10.93,17.46,266.91,1.10,198.66 
OCGT (large GT),Gas,NSW,SNW,N/A,NSW Low,86.38,92.19,98.52,1.37,5.00,1018.43,85.54,4,25,40,10.91,7.81,10.93,17.46,266.91,1.10,198.66 
OCGT (large GT),Gas,NSW,SNSW,N/A,NSW Medium,86.38,92.19,98.52,1.37,5.00,1062.80,85.54,4,25,40,11.78,8.43,10.93,17.46,266.91,1.10,199.28 
OCGT (large GT),Gas,VIC,VIC,N/A,VIC Low,86.38,92.19,98.52,1.37,5.00,1018.43,115.48,4,25,40,10.91,7.81,10.93,16.73,266.91,1.10,190.70 
OCGT (large GT),Gas,SA,CSA,N/A,SA Low,86.38,92.19,98.52,1.37,5.00,1018.43,110.49,4,25,40,10.91,7.81,10.93,16.98,266.91,1.10,193.45 
OCGT (large GT),Gas,SA,SESA,N/A,SA Medium,86.38,92.19,98.52,1.37,5.00,1041.02,110.49,4,25,40,12.22,8.74,10.93,16.98,266.91,1.10,194.39 
OCGT (large GT),Gas,TAS,TAS,N/A,TAS Low,86.38,92.19,98.52,1.37,5.00,1018.43,115.48,4,25,40,10.91,7.81,10.93,17.16,266.91,1.10,195.35 
CCGT,Gas,QLD,NQ,N/A,QLD Low,87.27,92.91,97.55,3.51,12.80,1888.38,110.49,5,25,40,11.66,3.96,7.25,15.75,173.50,2.50,118.12 
CCGT,Gas,QLD,CQ,N/A,QLD Low,87.27,92.91,97.55,3.51,12.80,1888.38,110.49,5,25,40,11.66,3.96,7.25,15.75,173.50,2.50,118.12 
CCGT,Gas,QLD,GG,N/A,QLD Low,87.27,92.91,97.55,3.51,12.80,1888.38,110.49,5,25,40,11.66,3.96,7.25,15.75,173.50,2.50,118.12 
CCGT,Gas,QLD,SQ,N/A,QLD Low,87.27,92.91,97.55,3.51,12.80,1888.38,110.49,5,25,40,11.66,3.96,7.25,15.75,173.50,2.50,118.12 
CCGT,Gas,NSW,NNSW,N/A,NSW Low,87.27,92.91,97.55,3.51,12.80,1888.38,85.54,5,25,40,11.66,3.96,7.25,16.19,173.50,2.50,121.34 
CCGT,Gas,NSW,CNSW,N/A,NSW Low,87.27,92.91,97.55,3.51,12.80,1888.38,85.54,5,25,40,11.66,3.96,7.25,16.19,173.50,2.50,121.34 
CCGT,Gas,NSW,SNW,N/A,NSW Low,87.27,92.91,97.55,3.51,12.80,1888.38,85.54,5,25,40,11.66,3.96,7.25,16.19,173.50,2.50,121.34 
CCGT,Gas,NSW,SNSW,N/A,NSW Medium,87.27,92.91,97.55,3.51,12.80,1970.15,85.54,5,25,40,12.59,4.27,7.25,16.19,173.50,2.50,121.66 
CCGT,Gas,VIC,VIC,N/A,VIC Low,87.27,92.91,97.55,3.51,12.80,1888.38,80.20,5,25,40,11.66,3.96,7.25,15.60,173.50,2.50,117.08 
CCGT,Gas,SA,CSA,N/A,SA Low,87.27,92.91,97.55,3.51,12.80,1888.38,110.49,5,25,40,11.66,3.96,7.25,16.00,173.50,2.50,119.93 
CCGT,Gas,SA,SESA,N/A,SA Medium,87.27,92.91,97.55,3.51,12.80,1927.85,110.49,5,25,40,13.05,4.43,7.25,16.00,173.50,2.50,120.40 
CCGT,Gas,TAS,TAS,N/A,TAS Low,87.27,92.91,97.55,3.51,12.80,1888.38,115.48,5,25,40,11.66,3.96,7.25,16.03,173.50,2.50,120.16 
CCGT with CCS,Gas,QLD,NQ,N/A,QLD Low,81.19,85.94,90.07,3.51,12.80,4655.73,110.49,6,25,40,17.48,7.70,8.96,15.75,26.39,9.20,148.86 
CCGT with CCS,Gas,QLD,CQ,N/A,QLD Low,81.19,85.94,90.07,3.51,12.80,4655.73,110.49,6,25,40,17.48,7.70,8.96,15.75,26.39,9.20,148.86 
CCGT with CCS,Gas,QLD,GG,N/A,QLD Low,81.19,85.94,90.07,3.51,12.80,4655.73,110.49,6,25,40,17.48,7.70,8.96,15.75,26.39,9.20,148.86 
CCGT with CCS,Gas,QLD,SQ,N/A,QLD Low,81.19,85.94,90.07,3.51,12.80,4655.73,110.49,6,25,40,17.48,7.70,8.96,15.75,26.39,9.20,148.86 
CCGT with CCS,Gas,NSW,NNSW,N/A,NSW Low,81.19,85.94,90.07,3.51,12.80,4655.73,85.54,6,25,40,17.48,7.70,8.96,16.19,26.39,9.20,152.84 
CCGT with CCS,Gas,NSW,CNSW,N/A,NSW Low,81.19,85.94,90.07,3.51,12.80,4655.73,85.54,6,25,40,17.48,7.70,8.96,16.19,26.39,9.20,152.84 
CCGT with CCS,Gas,NSW,SNW,N/A,NSW Low,81.19,85.94,90.07,3.51,12.80,4655.73,85.54,6,25,40,17.48,7.70,8.96,16.19,26.39,9.20,152.84 
CCGT with CCS,Gas,NSW,SNSW,N/A,NSW Medium,81.19,85.94,90.07,3.51,12.80,4856.39,85.54,6,25,40,18.88,8.31,8.96,16.19,26.39,9.20,153.46 
CCGT with CCS,Gas,VIC,VIC,N/A,VIC Low,81.19,85.94,90.07,3.51,12.80,4655.73,80.20,6,25,40,17.48,7.70,8.96,15.60,26.39,9.20,147.57 
CCGT with CCS,Gas,SA,CSA,N/A,SA Low,81.19,85.94,90.07,3.51,12.80,4655.73,110.49,6,25,40,17.48,7.70,8.96,16.00,26.39,9.20,151.09 
CCGT with CCS,Gas,SA,SESA,N/A,SA Medium,81.19,85.94,90.07,3.51,12.80,4750.71,110.49,6,25,40,19.58,8.62,8.96,16.00,26.39,9.20,152.01 
CCGT with CCS,Gas,TAS,TAS,N/A,TAS Low,81.19,85.94,90.07,3.51,12.80,4655.73,115.48,6,25,40,17.48,7.70,8.96,16.03,26.39,9.20,151.38 
Biomass,Biomass,QLD,NQ,N/A,QLD Low,94.93,100.00,100.00,6.25,22.80,8367.27,110.49,6,30,50,161.48,10.33,17.37,0.62,20.84,7.30,21.17 
Biomass,Biomass,QLD,CQ,N/A,QLD Low,94.93,100.00,100.00,6.25,22.80,8367.27,110.49,6,30,50,161.48,10.33,17.37,0.62,20.84,7.30,21.17 
Biomass,Biomass,QLD,GG,N/A,QLD Low,94.93,100.00,100.00,6.25,22.80,8367.27,110.49,6,30,50,161.48,10.33,17.37,0.62,20.84,7.30,21.17 
Biomass,Biomass,QLD,SQ,N/A,QLD Low,94.93,100.00,100.00,6.25,22.80,8367.27,110.49,6,30,50,161.48,10.33,17.37,0.62,20.84,7.30,21.17 
Biomass,Biomass,NSW,NNSW,N/A,NSW Low,94.93,100.00,100.00,6.25,22.80,8367.27,85.54,6,30,50,161.48,10.33,17.37,0.62,20.84,7.30,21.17 
Biomass,Biomass,NSW,CNSW,N/A,NSW Low,94.93,100.00,100.00,6.25,22.80,8367.27,85.54,6,30,50,161.48,10.33,17.37,0.62,20.84,7.30,21.17 
Biomass,Biomass,NSW,SNW,N/A,NSW Low,94.93,100.00,100.00,6.25,22.80,8367.27,85.54,6,30,50,161.48,10.33,17.37,0.62,20.84,7.30,21.17 
Biomass,Biomass,NSW,SNSW,N/A,NSW Medium,94.93,100.00,100.00,6.25,22.80,8766.39,85.54,6,30,50,174.40,11.16,17.37,0.62,20.84,7.30,22.00 
Biomass,Biomass,VIC,VIC,N/A,VIC Low,94.93,100.00,100.00,6.25,22.80,8367.27,115.48,6,30,50,161.48,10.33,17.37,0.62,20.84,7.30,21.17 
Biomass,Biomass,SA,CSA,N/A,SA Low,94.93,100.00,100.00,6.25,22.80,8367.27,110.49,6,30,50,161.48,10.33,17.37,0.62,20.84,7.30,21.17 
Biomass,Biomass,SA,SESA,N/A,SA Medium,94.93,100.00,100.00,6.25,22.80,8613.27,110.49,6,30,50,180.86,11.57,17.37,0.62,20.84,7.30,22.41 
Biomass,Biomass,TAS,TAS,N/A,TAS Low,94.93,100.00,100.00,6.25,22.80,8367.27,115.48,6,30,50,161.48,10.33,17.37,0.62,20.84,7.30,21.17 
Large scale Solar PV,Solar,QLD,NQ,Far North QLD,QLD Low,100.00,100.00,100.00,0.00,0.00,1697.75,253.67,2,30,30,18.18,-  ,0.00,0.00,0.00,0.02,-   
Large scale Solar PV,Solar,QLD,NQ,North Qld Clean Energy Hub,QLD Low,100.00,100.00,100.00,0.00,0.00,1697.75,297.00,2,30,30,18.18,-  ,0.00,0.00,0.00,0.02,-   
Large scale Solar PV,Solar,QLD,NQ,Northern Qld,QLD Low,100.00,100.00,100.00,0.00,0.00,1697.75,253.67,2,30,30,18.18,-  ,0.00,0.00,0.00,0.02,-   
Large scale Solar PV,Solar,QLD,CQ,Isaac,QLD Low,100.00,100.00,100.00,0.00,0.00,1697.75,250.33,2,30,30,18.18,-  ,0.00,0.00,0.00,0.02,-   
Large scale Solar PV,Solar,QLD,CQ,Barcaldine,QLD Medium,100.00,100.00,100.00,0.00,0.00,1790.03,150.00,2,30,30,20.36,-  ,0.00,0.00,0.00,0.02,-   
Large scale Solar PV,Solar,QLD,CQ,Fitzroy,QLD Low,100.00,100.00,100.00,0.00,0.00,1697.75,250.33,2,30,30,18.18,-  ,0.00,0.00,0.00,0.02,-   
Large scale Solar PV,Solar,QLD,SQ,Wide Bay,QLD Low,100.00,100.00,100.00,0.00,0.00,1697.75,113.33,2,30,30,18.18,-  ,0.00,0.00,0.00,0.02,-   
Large scale Solar PV,Solar,QLD,SQ,Darling Downs,QLD Low,100.00,100.00,100.00,0.00,0.00,1697.75,116.67,2,30,30,18.18,-  ,0.00,0.00,0.00,0.02,-   
Large scale Solar PV,Solar,QLD,SQ,Banana,QLD Medium,100.00,100.00,100.00,0.00,0.00,1790.03,367.00,2,30,30,20.36,-  ,0.00,0.00,0.00,0.02,-   
Large scale Solar PV,Solar,NSW,NNSW,North West NSW,NSW Medium,100.00,100.00,100.00,0.00,0.00,1788.35,135.00,2,30,30,19.63,-  ,0.00,0.00,0.00,0.02,-   
Large scale Solar PV,Solar,NSW,NNSW,New England,NSW Low,100.00,100.00,100.00,0.00,0.00,1697.75,135.00,2,30,30,18.18,-  ,0.00,0.00,0.00,0.02,-   
Large scale Solar PV,Solar,NSW,CNSW,Central-West Orana,NSW Medium,100.00,100.00,100.00,0.00,0.00,1788.35,135.00,2,30,30,19.63,-  ,0.00,0.00,0.00,0.02,-   
Large scale Solar PV,Solar,NSW,SNSW,Broken Hill,NSW High,100.00,100.00,100.00,0.00,0.00,1841.64,176.00,2,30,30,21.27,-  ,0.00,0.00,0.00,0.02,-   
Large scale Solar PV,Solar,NSW,SNSW,South West NSW,NSW High,100.00,100.00,100.00,0.00,0.00,1841.64,135.00,2,30,30,21.27,-  ,0.00,0.00,0.00,0.02,-   
Large scale Solar PV,Solar,NSW,SNSW,Wagga Wagga,NSW Medium,100.00,100.00,100.00,0.00,0.00,1788.35,272.00,2,30,30,19.63,-  ,0.00,0.00,0.00,0.02,-   
Large scale Solar PV,Solar,NSW,SNSW,Tumut,NSW Medium,100.00,100.00,100.00,0.00,0.00,1788.35,100.00,2,30,30,19.63,-  ,0.00,0.00,0.00,0.02,-   
Large scale Solar PV,Solar,NSW,SNSW,Cooma-Monaro,NSW Medium,100.00,100.00,100.00,0.00,0.00,1788.35,100.00,2,30,30,19.63,-  ,0.00,0.00,0.00,0.02,-   
Large scale Solar PV,Solar,NSW,CNSW,Hunter-Central Coast,NSW Low,100.00,100.00,100.00,0.00,0.00,1697.75,100.00,2,30,30,18.18,-  ,0.00,0.00,0.00,0.02,-   
Large scale Solar PV,Solar,NSW,SNW,Illawarra,NSW Low,100.00,100.00,100.00,0.00,0.00,1697.75,100.00,2,30,30,18.18,-  ,0.00,0.00,0.00,0.02,-   
Large scale Solar PV,Solar,VIC,VIC,Ovens Murray,VIC Medium,100.00,100.00,100.00,0.00,0.00,1714.39,136.00,2,30,30,18.72,-  ,0.00,0.00,0.00,0.02,-   
Large scale Solar PV,Solar,VIC,VIC,Murray River,VIC Medium,100.00,100.00,100.00,0.00,0.00,1714.39,269.00,2,30,30,18.72,-  ,0.00,0.00,0.00,0.02,-   
Large scale Solar PV,Solar,VIC,VIC,Western Victoria,VIC Medium,100.00,100.00,100.00,0.00,0.00,1714.39,277.00,2,30,30,18.72,-  ,0.00,0.00,0.00,0.02,-   
Large scale Solar PV,Solar,VIC,VIC,South West Victoria,VIC Medium,100.00,100.00,100.00,0.00,0.00,1714.39,277.00,2,30,30,18.72,-  ,0.00,0.00,0.00,0.02,-   
Large scale Solar PV,Solar,VIC,VIC,Gippsland,VIC Low,100.00,100.00,100.00,0.00,0.00,1697.75,340.00,2,30,30,18.18,-  ,0.00,0.00,0.00,0.02,-   
Large scale Solar PV,Solar,VIC,VIC,Central North Vic,VIC High,100.00,100.00,100.00,0.00,0.00,1713.05,321.00,2,30,30,19.09,-  ,0.00,0.00,0.00,0.02,-   
Large scale Solar PV,Solar,SA,SESA,South East SA,SA Low,100.00,100.00,100.00,0.00,0.00,1697.75,287.00,2,30,30,18.18,-  ,0.00,0.00,0.00,0.02,-   
Large scale Solar PV,Solar,SA,CSA,Riverland,SA Low,100.00,100.00,100.00,0.00,0.00,1697.75,166.67,2,30,30,18.18,-  ,0.00,0.00,0.00,0.02,-   
Large scale Solar PV,Solar,SA,CSA,Mid-North SA,SA Low,100.00,100.00,100.00,0.00,0.00,1697.75,257.00,2,30,30,18.18,-  ,0.00,0.00,0.00,0.02,-   
Large scale Solar PV,Solar,SA,CSA,Yorke Peninsula,SA Low,100.00,100.00,100.00,0.00,0.00,1697.75,120.00,2,30,30,18.18,-  ,0.00,0.00,0.00,0.02,-   
Large scale Solar PV,Solar,SA,CSA,Northern SA,SA Medium,100.00,100.00,100.00,0.00,0.00,1773.90,250.34,2,30,30,20.36,-  ,0.00,0.00,0.00,0.02,-   
Large scale Solar PV,Solar,SA,CSA,Leigh Creek,SA Medium,100.00,100.00,100.00,0.00,0.00,1773.90,153.33,2,30,30,20.36,-  ,0.00,0.00,0.00,0.02,-   
Large scale Solar PV,Solar,SA,CSA,Roxby Downs,SA Medium,100.00,100.00,100.00,0.00,0.00,1773.90,283.67,2,30,30,20.36,-  ,0.00,0.00,0.00,0.02,-   
Large scale Solar PV,Solar,SA,CSA,Eastern Eyre Peninsula,SA Medium,100.00,100.00,100.00,0.00,0.00,1773.90,283.67,2,30,30,20.36,-  ,0.00,0.00,0.00,0.02,-   
Large scale Solar PV,Solar,SA,CSA,Western Eyre Peninsula,SA Medium,100.00,100.00,100.00,0.00,0.00,1773.90,146.67,2,30,30,20.36,-  ,0.00,0.00,0.00,0.02,-   
Large scale Solar PV,Solar,TAS,TAS,North East Tasmania,TAS Low,100.00,100.00,100.00,0.00,0.00,1697.75,410.33,2,30,30,18.18,-  ,0.00,0.00,0.00,0.02,-   
Large scale Solar PV,Solar,TAS,TAS,North West Tasmania,TAS Medium,100.00,100.00,100.00,0.00,0.00,1781.29,377.00,2,30,30,19.81,-  ,0.00,0.00,0.00,0.02,-   
Large scale Solar PV,Solar,TAS,TAS,Central Highlands,TAS Low,100.00,100.00,100.00,0.00,0.00,1697.75,357.00,2,30,30,18.18,-  ,0.00,0.00,0.00,0.02,-   
Large scale Solar PV,Solar,NSW,CNSW,New South Wales Non-REZ,NSW Medium,100.00,100.00,100.00,0.00,0.00,1788.35,367.00,2,30,30,19.63,-  ,0.00,0.00,0.00,0.02,-   
Large scale Solar PV,Solar,VIC,VIC,Victoria Non-REZ,VIC Medium,100.00,100.00,100.00,0.00,0.00,1714.39,347.00,2,30,30,18.72,-  ,0.00,0.00,0.00,0.02,-   
Solar Thermal (15hrs storage),Solar,QLD,NQ,Far North QLD,QLD Low,100.00,100.00,100.00,1.92,7.00,6977.18,253.67,6,25,40,141.15,-  ,0.00,0.00,0.00,10.00,-   
Solar Thermal (15hrs storage),Solar,QLD,NQ,North Qld Clean Energy Hub,QLD Low,100.00,100.00,100.00,1.92,7.00,6977.18,297.00,6,25,40,141.15,-  ,0.00,0.00,0.00,10.00,-   
Solar Thermal (15hrs storage),Solar,QLD,NQ,Northern Qld,QLD Low,100.00,100.00,100.00,1.92,7.00,6977.18,253.67,6,25,40,141.15,-  ,0.00,0.00,0.00,10.00,-   
Solar Thermal (15hrs storage),Solar,QLD,CQ,Isaac,QLD Low,100.00,100.00,100.00,1.92,7.00,6977.18,250.33,6,25,40,141.15,-  ,0.00,0.00,0.00,10.00,-   
Solar Thermal (15hrs storage),Solar,QLD,CQ,Barcaldine,QLD Medium,100.00,100.00,100.00,1.92,7.00,7461.40,150.00,6,25,40,158.09,-  ,0.00,0.00,0.00,10.00,-   
Solar Thermal (15hrs storage),Solar,QLD,CQ,Fitzroy,QLD Low,100.00,100.00,100.00,1.92,7.00,6977.18,250.33,6,25,40,141.15,-  ,0.00,0.00,0.00,10.00,-   
Solar Thermal (15hrs storage),Solar,QLD,SQ,Wide Bay,QLD Low,100.00,100.00,100.00,1.92,7.00,6977.18,113.33,6,25,40,141.15,-  ,0.00,0.00,0.00,10.00,-   
Solar Thermal (15hrs storage),Solar,QLD,SQ,Darling Downs,QLD Low,100.00,100.00,100.00,1.92,7.00,6977.18,116.67,6,25,40,141.15,-  ,0.00,0.00,0.00,10.00,-   
Solar Thermal (15hrs storage),Solar,QLD,SQ,Banana,QLD Medium,100.00,100.00,100.00,1.92,7.00,7461.40,367.00,6,25,40,158.09,-  ,0.00,0.00,0.00,10.00,-   
Solar Thermal (15hrs storage),Solar,NSW,NNSW,North West NSW,NSW Medium,100.00,100.00,100.00,1.92,7.00,7395.12,135.00,6,25,40,152.44,-  ,0.00,0.00,0.00,10.00,-   
Solar Thermal (15hrs storage),Solar,NSW,NNSW,New England,NSW Low,100.00,100.00,100.00,1.92,7.00,6977.18,135.00,6,25,40,141.15,-  ,0.00,0.00,0.00,10.00,-   
Solar Thermal (15hrs storage),Solar,NSW,CNSW,Central-West Orana,NSW Medium,100.00,100.00,100.00,1.92,7.00,7395.12,135.00,6,25,40,152.44,-  ,0.00,0.00,0.00,10.00,-   
Solar Thermal (15hrs storage),Solar,NSW,SNSW,Broken Hill,NSW High,100.00,100.00,100.00,1.92,7.00,7787.23,176.00,6,25,40,165.14,-  ,0.00,0.00,0.00,10.00,-   
Solar Thermal (15hrs storage),Solar,NSW,SNSW,South West NSW,NSW High,100.00,100.00,100.00,1.92,7.00,7787.23,135.00,6,25,40,165.14,-  ,0.00,0.00,0.00,10.00,-   
Solar Thermal (15hrs storage),Solar,NSW,SNSW,Wagga Wagga,NSW Medium,100.00,100.00,100.00,1.92,7.00,7395.12,272.00,6,25,40,152.44,-  ,0.00,0.00,0.00,10.00,-   
Solar Thermal (15hrs storage),Solar,NSW,SNSW,Tumut,NSW Medium,100.00,100.00,100.00,1.92,7.00,7395.12,100.00,6,25,40,152.44,-  ,0.00,0.00,0.00,10.00,-   
Solar Thermal (15hrs storage),Solar,NSW,SNSW,Cooma-Monaro,NSW Medium,100.00,100.00,100.00,1.92,7.00,7395.12,100.00,6,25,40,152.44,-  ,0.00,0.00,0.00,10.00,-   
Solar Thermal (15hrs storage),Solar,NSW,CNSW,Hunter-Central Coast,NSW Low,100.00,100.00,100.00,1.92,7.00,6977.18,100.00,6,25,40,141.15,-  ,0.00,0.00,0.00,10.00,-   
Solar Thermal (15hrs storage),Solar,NSW,SNW,Illawarra,NSW Low,100.00,100.00,100.00,1.92,7.00,6977.18,100.00,6,25,40,141.15,-  ,0.00,0.00,0.00,10.00,-   
Solar Thermal (15hrs storage),Solar,VIC,VIC,Ovens Murray,VIC Medium,100.00,100.00,100.00,1.92,7.00,7162.78,136.00,6,25,40,145.38,-  ,0.00,0.00,0.00,10.00,-   
Solar Thermal (15hrs storage),Solar,VIC,VIC,Murray River,VIC Medium,100.00,100.00,100.00,1.92,7.00,7162.78,269.00,6,25,40,145.38,-  ,0.00,0.00,0.00,10.00,-   
Solar Thermal (15hrs storage),Solar,VIC,VIC,Western Victoria,VIC Medium,100.00,100.00,100.00,1.92,7.00,7162.78,277.00,6,25,40,145.38,-  ,0.00,0.00,0.00,10.00,-   
Solar Thermal (15hrs storage),Solar,VIC,VIC,South West Victoria,VIC Medium,100.00,100.00,100.00,1.92,7.00,7162.78,277.00,6,25,40,145.38,-  ,0.00,0.00,0.00,10.00,-   
Solar Thermal (15hrs storage),Solar,VIC,VIC,Gippsland,VIC Low,100.00,100.00,100.00,1.92,7.00,6977.18,340.00,6,25,40,141.15,-  ,0.00,0.00,0.00,10.00,-   
Solar Thermal (15hrs storage),Solar,VIC,VIC,Central North Vic,VIC High,100.00,100.00,100.00,1.92,7.00,7277.90,321.00,6,25,40,148.20,-  ,0.00,0.00,0.00,10.00,-   
Solar Thermal (15hrs storage),Solar,SA,SESA,South East SA,SA Low,100.00,100.00,100.00,1.92,7.00,6977.18,287.00,6,25,40,141.15,-  ,0.00,0.00,0.00,10.00,-   
Solar Thermal (15hrs storage),Solar,SA,CSA,Riverland,SA Low,100.00,100.00,100.00,1.92,7.00,6977.18,166.67,6,25,40,141.15,-  ,0.00,0.00,0.00,10.00,-   
Solar Thermal (15hrs storage),Solar,SA,CSA,Mid-North SA,SA Low,100.00,100.00,100.00,1.92,7.00,6977.18,257.00,6,25,40,141.15,-  ,0.00,0.00,0.00,10.00,-   
Solar Thermal (15hrs storage),Solar,SA,CSA,Yorke Peninsula,SA Low,100.00,100.00,100.00,1.92,7.00,6977.18,120.00,6,25,40,141.15,-  ,0.00,0.00,0.00,10.00,-   
Solar Thermal (15hrs storage),Solar,SA,CSA,Northern SA,SA Medium,100.00,100.00,100.00,1.92,7.00,7450.24,250.34,6,25,40,158.09,-  ,0.00,0.00,0.00,10.00,-   
Solar Thermal (15hrs storage),Solar,SA,CSA,Leigh Creek,SA Medium,100.00,100.00,100.00,1.92,7.00,7450.24,153.33,6,25,40,158.09,-  ,0.00,0.00,0.00,10.00,-   
Solar Thermal (15hrs storage),Solar,SA,CSA,Roxby Downs,SA Medium,100.00,100.00,100.00,1.92,7.00,7450.24,283.67,6,25,40,158.09,-  ,0.00,0.00,0.00,10.00,-   
Solar Thermal (15hrs storage),Solar,SA,CSA,Eastern Eyre Peninsula,SA Medium,100.00,100.00,100.00,1.92,7.00,7450.24,283.67,6,25,40,158.09,-  ,0.00,0.00,0.00,10.00,-   
Solar Thermal (15hrs storage),Solar,SA,CSA,Western Eyre Peninsula,SA Medium,100.00,100.00,100.00,1.92,7.00,7450.24,146.67,6,25,40,158.09,-  ,0.00,0.00,0.00,10.00,-   
Solar Thermal (15hrs storage),Solar,TAS,TAS,North East Tasmania,TAS Low,100.00,100.00,100.00,1.92,7.00,6977.18,410.33,6,25,40,141.15,-  ,0.00,0.00,0.00,10.00,-   
Solar Thermal (15hrs storage),Solar,TAS,TAS,North West Tasmania,TAS Medium,100.00,100.00,100.00,1.92,7.00,7390.23,377.00,6,25,40,153.85,-  ,0.00,0.00,0.00,10.00,-   
Solar Thermal (15hrs storage),Solar,TAS,TAS,Central Highlands,TAS Low,100.00,100.00,100.00,1.92,7.00,6977.18,357.00,6,25,40,141.15,-  ,0.00,0.00,0.00,10.00,-   
Solar Thermal (15hrs storage),Solar,NSW,CNSW,New South Wales Non-REZ,NSW Medium,100.00,100.00,100.00,1.92,7.00,7395.12,367.00,6,25,40,152.44,-  ,0.00,0.00,0.00,10.00,-   
Solar Thermal (15hrs storage),Solar,VIC,VIC,Victoria Non-REZ,VIC Medium,100.00,100.00,100.00,1.92,7.00,7162.78,347.00,6,25,40,145.38,-  ,0.00,0.00,0.00,10.00,-   
Battery Storage (1hr storage),Battery,QLD,NQ,N/A,QLD Low,100.00,100.00,99.95,0.00,0.00,995.52,103.37,2,20,20,7.59,-  ,0.00,0.00,0.00,0.00,-   
Battery Storage (1hr storage),Battery,QLD,CQ,N/A,QLD Low,100.00,100.00,99.95,0.00,0.00,995.52,103.37,2,20,20,7.59,-  ,0.00,0.00,0.00,0.00,-   
Battery Storage (1hr storage),Battery,QLD,GG,N/A,QLD Low,100.00,100.00,99.95,0.00,0.00,995.52,103.37,2,20,20,7.59,-  ,0.00,0.00,0.00,0.00,-   
Battery Storage (1hr storage),Battery,QLD,SQ,N/A,QLD Low,100.00,100.00,99.95,0.00,0.00,995.52,103.37,2,20,20,7.59,-  ,0.00,0.00,0.00,0.00,-   
Battery Storage (1hr storage),Battery,NSW,NNSW,N/A,NSW Low,100.00,100.00,99.95,0.00,0.00,995.52,77.52,2,20,20,7.59,-  ,0.00,0.00,0.00,0.00,-   
Battery Storage (1hr storage),Battery,NSW,CNSW,N/A,NSW Low,100.00,100.00,99.95,0.00,0.00,995.52,77.52,2,20,20,7.59,-  ,0.00,0.00,0.00,0.00,-   
Battery Storage (1hr storage),Battery,NSW,SNW,N/A,NSW Low,100.00,100.00,99.95,0.00,0.00,995.52,77.52,2,20,20,7.59,-  ,0.00,0.00,0.00,0.00,-   
Battery Storage (1hr storage),Battery,NSW,SNSW,N/A,NSW Medium,100.00,100.00,99.95,0.00,0.00,1038.82,77.52,2,20,20,8.20,-  ,0.00,0.00,0.00,0.00,-   
Battery Storage (1hr storage),Battery,VIC,VIC,N/A,VIC Low,100.00,100.00,99.95,0.00,0.00,995.52,106.93,2,20,20,7.59,-  ,0.00,0.00,0.00,0.00,-   
Battery Storage (1hr storage),Battery,SA,CSA,N/A,SA Low,100.00,100.00,99.95,0.00,0.00,995.52,103.37,2,20,20,7.59,-  ,0.00,0.00,0.00,0.00,-   
Battery Storage (1hr storage),Battery,SA,SESA,N/A,SA Medium,100.00,100.00,99.95,0.00,0.00,1022.40,103.37,2,20,20,8.50,-  ,0.00,0.00,0.00,0.00,-   
Battery Storage (1hr storage),Battery,TAS,TAS,N/A,TAS Low,100.00,100.00,99.95,0.00,0.00,995.52,106.93,2,20,20,7.59,-  ,0.00,0.00,0.00,0.00,-   
Battery Storage (2hrs storage),Battery,QLD,NQ,N/A,QLD Low,100.00,100.00,99.85,0.00,0.00,1439.28,103.37,2,20,20,10.80,-  ,0.00,0.00,0.00,0.00,-   
Battery Storage (2hrs storage),Battery,QLD,CQ,N/A,QLD Low,100.00,100.00,99.85,0.00,0.00,1439.28,103.37,2,20,20,10.80,-  ,0.00,0.00,0.00,0.00,-   
Battery Storage (2hrs storage),Battery,QLD,GG,N/A,QLD Low,100.00,100.00,99.85,0.00,0.00,1439.28,103.37,2,20,20,10.80,-  ,0.00,0.00,0.00,0.00,-   
Battery Storage (2hrs storage),Battery,QLD,SQ,N/A,QLD Low,100.00,100.00,99.85,0.00,0.00,1439.28,103.37,2,20,20,10.80,-  ,0.00,0.00,0.00,0.00,-   
Battery Storage (2hrs storage),Battery,NSW,NNSW,N/A,NSW Low,100.00,100.00,99.85,0.00,0.00,1439.28,77.52,2,20,20,10.80,-  ,0.00,0.00,0.00,0.00,-   
Battery Storage (2hrs storage),Battery,NSW,CNSW,N/A,NSW Low,100.00,100.00,99.85,0.00,0.00,1439.28,77.52,2,20,20,10.80,-  ,0.00,0.00,0.00,0.00,-   
Battery Storage (2hrs storage),Battery,NSW,SNW,N/A,NSW Low,100.00,100.00,99.85,0.00,0.00,1439.28,77.52,2,20,20,10.80,-  ,0.00,0.00,0.00,0.00,-   
Battery Storage (2hrs storage),Battery,NSW,SNSW,N/A,NSW Medium,100.00,100.00,99.85,0.00,0.00,1505.63,77.52,2,20,20,11.66,-  ,0.00,0.00,0.00,0.00,-   
Battery storage (2hrs storage),Battery,VIC,VIC,N/A,VIC Low,100.00,100.00,99.85,0.00,0.00,1439.28,106.93,2,20,20,10.80,-  ,0.00,0.00,0.00,0.00,-   
Battery Storage (2hrs storage),Battery,SA,CSA,N/A,SA Low,100.00,100.00,99.85,0.00,0.00,1439.28,103.37,2,20,20,10.80,-  ,0.00,0.00,0.00,0.00,-   
Battery Storage (2hrs storage),Battery,SA,SESA,N/A,SA Medium,100.00,100.00,99.85,0.00,0.00,1488.50,103.37,2,20,20,12.10,-  ,0.00,0.00,0.00,0.00,-   
Battery Storage (2hrs storage),Battery,TAS,TAS,N/A,TAS Low,100.00,100.00,99.85,0.00,0.00,1439.28,106.93,2,20,20,10.80,-  ,0.00,0.00,0.00,0.00,-   
Battery Storage (4hrs storage),Battery,QLD,NQ,N/A,QLD Low,100.00,100.00,99.90,0.00,0.00,2335.35,103.37,3,20,20,17.32,-  ,0.00,0.00,0.00,0.00,-   
Battery Storage (4hrs storage),Battery,QLD,CQ,N/A,QLD Low,100.00,100.00,99.90,0.00,0.00,2335.35,103.37,3,20,20,17.32,-  ,0.00,0.00,0.00,0.00,-   
Battery Storage (4hrs storage),Battery,QLD,GG,N/A,QLD Low,100.00,100.00,99.90,0.00,0.00,2335.35,103.37,3,20,20,17.32,-  ,0.00,0.00,0.00,0.00,-   
Battery Storage (4hrs storage),Battery,QLD,SQ,N/A,QLD Low,100.00,100.00,99.90,0.00,0.00,2335.35,103.37,3,20,20,17.32,-  ,0.00,0.00,0.00,0.00,-   
Battery Storage (4hrs storage),Battery,NSW,NNSW,N/A,NSW Low,100.00,100.00,99.90,0.00,0.00,2335.35,77.52,3,20,20,17.32,-  ,0.00,0.00,0.00,0.00,-   
Battery Storage (4hrs storage),Battery,NSW,CNSW,N/A,NSW Low,100.00,100.00,99.90,0.00,0.00,2335.35,77.52,3,20,20,17.32,-  ,0.00,0.00,0.00,0.00,-   
Battery Storage (4hrs storage),Battery,NSW,SNW,N/A,NSW Low,100.00,100.00,99.90,0.00,0.00,2335.35,77.52,3,20,20,17.32,-  ,0.00,0.00,0.00,0.00,-   
Battery Storage (4hrs storage),Battery,NSW,SNSW,N/A,NSW Medium,100.00,100.00,99.90,0.00,0.00,2455.15,77.52,3,20,20,18.71,-  ,0.00,0.00,0.00,0.00,-   
Battery Storage (4hrs storage),Battery,VIC,VIC,N/A,VIC Low,100.00,100.00,99.90,0.00,0.00,2335.35,106.93,3,20,20,17.32,-  ,0.00,0.00,0.00,0.00,-   
Battery Storage (4hrs storage),Battery,SA,CSA,N/A,SA Low,100.00,100.00,99.90,0.00,0.00,2335.35,103.37,3,20,20,17.32,-  ,0.00,0.00,0.00,0.00,-   
Battery Storage (4hrs storage),Battery,SA,SESA,N/A,SA Medium,100.00,100.00,99.90,0.00,0.00,2448.85,103.37,3,20,20,19.40,-  ,0.00,0.00,0.00,0.00,-   
Battery Storage (4hrs storage),Battery,TAS,TAS,N/A,TAS Low,100.00,100.00,99.90,0.00,0.00,2335.35,106.93,3,20,20,17.32,-  ,0.00,0.00,0.00,0.00,-   
Battery Storage (8hrs storage),Battery,QLD,NQ,N/A,QLD Low,100.00,100.00,99.84,0.00,0.00,4107.40,103.37,3,20,20,30.69,-  ,0.00,0.00,0.00,0.00,-   
Battery Storage (8hrs storage),Battery,QLD,CQ,N/A,QLD Low,100.00,100.00,99.84,0.00,0.00,4107.40,103.37,3,20,20,30.69,-  ,0.00,0.00,0.00,0.00,-   
Battery Storage (8hrs storage),Battery,QLD,GG,N/A,QLD Low,100.00,100.00,99.84,0.00,0.00,4107.40,103.37,3,20,20,30.69,-  ,0.00,0.00,0.00,0.00,-   
Battery Storage (8hrs storage),Battery,QLD,SQ,N/A,QLD Low,100.00,100.00,99.84,0.00,0.00,4107.40,103.37,3,20,20,30.69,-  ,0.00,0.00,0.00,0.00,-   
Battery Storage (8hrs storage),Battery,NSW,NNSW,N/A,NSW Low,100.00,100.00,99.84,0.00,0.00,4107.40,77.52,3,20,20,30.69,-  ,0.00,0.00,0.00,0.00,-   
Battery Storage (8hrs storage),Battery,NSW,CNSW,N/A,NSW Low,100.00,100.00,99.84,0.00,0.00,4107.40,77.52,3,20,20,30.69,-  ,0.00,0.00,0.00,0.00,-   
Battery Storage (8hrs storage),Battery,NSW,SNW,N/A,NSW Low,100.00,100.00,99.84,0.00,0.00,4107.40,77.52,3,20,20,30.69,-  ,0.00,0.00,0.00,0.00,-   
Battery Storage (8hrs storage),Battery,NSW,SNSW,N/A,NSW Medium,100.00,100.00,99.84,0.00,0.00,4328.95,77.52,3,20,20,33.14,-  ,0.00,0.00,0.00,0.00,-   
Battery Storage (8hrs storage),Battery,VIC,VIC,N/A,VIC Low,100.00,100.00,99.84,0.00,0.00,4107.40,106.93,3,20,20,30.69,-  ,0.00,0.00,0.00,0.00,-   
Battery Storage (8hrs storage),Battery,SA,CSA,N/A,SA Low,100.00,100.00,99.84,0.00,0.00,4107.40,103.37,3,20,20,30.69,-  ,0.00,0.00,0.00,0.00,-   
Battery Storage (8hrs storage),Battery,SA,SESA,N/A,SA Medium,100.00,100.00,99.84,0.00,0.00,4336.83,103.37,3,20,20,34.37,-  ,0.00,0.00,0.00,0.00,-   
Battery Storage (8hrs storage),Battery,TAS,TAS,N/A,TAS Low,100.00,100.00,99.84,0.00,0.00,4107.40,106.93,3,20,20,30.69,-  ,0.00,0.00,0.00,0.00,-   
Wind,Wind,QLD,NQ,Far North QLD,QLD Low,100.00,100.00,100.00,0.00,0.00,2796.84,253.67,2,25,30,26.73,-  ,0.00,0.00,0.00,0.07,-   
Wind,Wind,QLD,NQ,North Qld Clean Energy Hub,QLD Low,100.00,100.00,100.00,0.00,0.00,2796.84,297.00,2,25,30,26.73,-  ,0.00,0.00,0.00,0.07,-   
Wind,Wind,QLD,NQ,Northern Qld,QLD Low,100.00,100.00,100.00,0.00,0.00,2796.84,253.67,2,25,30,26.73,-  ,0.00,0.00,0.00,0.07,-   
Wind,Wind,QLD,CQ,Isaac,QLD Low,100.00,100.00,100.00,0.00,0.00,2796.84,250.33,2,25,30,26.73,-  ,0.00,0.00,0.00,0.07,-   
Wind,Wind,QLD,CQ,Barcaldine,QLD Medium,100.00,100.00,100.00,0.00,0.00,2972.84,150.00,2,25,30,29.94,-  ,0.00,0.00,0.00,0.07,-   
Wind,Wind,QLD,CQ,Fitzroy,QLD Low,100.00,100.00,100.00,0.00,0.00,2796.84,250.33,2,25,30,26.73,-  ,0.00,0.00,0.00,0.07,-   
Wind,Wind,QLD,SQ,Wide Bay,QLD Low,100.00,100.00,100.00,0.00,0.00,2796.84,113.33,2,25,30,26.73,-  ,0.00,0.00,0.00,0.07,-   
Wind,Wind,QLD,SQ,Darling Downs,QLD Low,100.00,100.00,100.00,0.00,0.00,2796.84,116.67,2,25,30,26.73,-  ,0.00,0.00,0.00,0.07,-   
Wind,Wind,QLD,SQ,Banana,QLD Medium,100.00,100.00,100.00,0.00,0.00,2972.84,367.00,2,25,30,29.94,-  ,0.00,0.00,0.00,0.07,-   
Wind,Wind,NSW,NNSW,North West NSW,NSW Medium,100.00,100.00,100.00,0.00,0.00,2955.89,135.00,2,25,30,28.87,-  ,0.00,0.00,0.00,0.07,-   
Wind,Wind,NSW,NNSW,New England,NSW Low,100.00,100.00,100.00,0.00,0.00,2796.84,135.00,2,25,30,26.73,-  ,0.00,0.00,0.00,0.07,-   
Wind,Wind,NSW,CNSW,Central-West Orana,NSW Medium,100.00,100.00,100.00,0.00,0.00,2955.89,135.00,2,25,30,28.87,-  ,0.00,0.00,0.00,0.07,-   
Wind,Wind,NSW,SNSW,Broken Hill,NSW High,100.00,100.00,100.00,0.00,0.00,3094.04,176.00,2,25,30,31.28,-  ,0.00,0.00,0.00,0.07,-   
Wind,Wind,NSW,SNSW,South West NSW,NSW High,100.00,100.00,100.00,0.00,0.00,3094.04,135.00,2,25,30,31.28,-  ,0.00,0.00,0.00,0.07,-   
Wind,Wind,NSW,SNSW,Wagga Wagga,NSW Medium,100.00,100.00,100.00,0.00,0.00,2955.89,272.00,2,25,30,28.87,-  ,0.00,0.00,0.00,0.07,-   
Wind,Wind,NSW,SNSW,Tumut,NSW Medium,100.00,100.00,100.00,0.00,0.00,2955.89,100.00,2,25,30,28.87,-  ,0.00,0.00,0.00,0.07,-   
Wind,Wind,NSW,SNSW,Cooma-Monaro,NSW Medium,100.00,100.00,100.00,0.00,0.00,2955.89,100.00,2,25,30,28.87,-  ,0.00,0.00,0.00,0.07,-   
Wind,Wind,NSW,CNSW,Hunter-Central Coast,NSW Low,100.00,100.00,100.00,0.00,0.00,2796.84,100.00,2,25,30,26.73,-  ,0.00,0.00,0.00,0.07,-   
Wind,Wind,NSW,SNW,Illawarra,NSW Low,100.00,100.00,100.00,0.00,0.00,2796.84,100.00,2,25,30,26.73,-  ,0.00,0.00,0.00,0.07,-   
Wind,Wind,VIC,VIC,Ovens Murray,VIC Medium,100.00,100.00,100.00,0.00,0.00,2861.53,136.00,2,25,30,27.53,-  ,0.00,0.00,0.00,0.07,-   
Wind,Wind,VIC,VIC,Murray River,VIC Medium,100.00,100.00,100.00,0.00,0.00,2861.53,269.00,2,25,30,27.53,-  ,0.00,0.00,0.00,0.07,-   
Wind,Wind,VIC,VIC,Western Victoria,VIC Medium,100.00,100.00,100.00,0.00,0.00,2861.53,277.00,2,25,30,27.53,-  ,0.00,0.00,0.00,0.07,-   
Wind,Wind,VIC,VIC,South West Victoria,VIC Medium,100.00,100.00,100.00,0.00,0.00,2861.53,277.00,2,25,30,27.53,-  ,0.00,0.00,0.00,0.07,-   
Wind,Wind,VIC,VIC,Gippsland,VIC Low,100.00,100.00,100.00,0.00,0.00,2796.84,340.00,2,25,30,26.73,-  ,0.00,0.00,0.00,0.07,-   
Wind,Wind,VIC,VIC,Central North Vic,VIC High,100.00,100.00,100.00,0.00,0.00,2897.70,321.00,2,25,30,28.07,-  ,0.00,0.00,0.00,0.07,-   
Wind,Wind,SA,SESA,South East SA,SA Low,100.00,100.00,100.00,0.00,0.00,2796.84,287.00,2,25,30,26.73,-  ,0.00,0.00,0.00,0.07,-   
Wind,Wind,SA,CSA,Riverland,SA Low,100.00,100.00,100.00,0.00,0.00,2796.84,166.67,2,25,30,26.73,-  ,0.00,0.00,0.00,0.07,-   
Wind,Wind,SA,CSA,Mid-North SA,SA Low,100.00,100.00,100.00,0.00,0.00,2796.84,257.00,2,25,30,26.73,-  ,0.00,0.00,0.00,0.07,-   
Wind,Wind,SA,CSA,Yorke Peninsula,SA Low,100.00,100.00,100.00,0.00,0.00,2796.84,120.00,2,25,30,26.73,-  ,0.00,0.00,0.00,0.07,-   
Wind,Wind,SA,CSA,Northern SA,SA Medium,100.00,100.00,100.00,0.00,0.00,2963.80,250.34,2,25,30,29.94,-  ,0.00,0.00,0.00,0.07,-   
Wind,Wind,SA,CSA,Leigh Creek,SA Medium,100.00,100.00,100.00,0.00,0.00,2963.80,153.33,2,25,30,29.94,-  ,0.00,0.00,0.00,0.07,-   
Wind,Wind,SA,CSA,Roxby Downs,SA Medium,100.00,100.00,100.00,0.00,0.00,2963.80,283.67,2,25,30,29.94,-  ,0.00,0.00,0.00,0.07,-   
Wind,Wind,SA,CSA,Eastern Eyre Peninsula,SA Medium,100.00,100.00,100.00,0.00,0.00,2963.80,283.67,2,25,30,29.94,-  ,0.00,0.00,0.00,0.07,-   
Wind,Wind,SA,CSA,Western Eyre Peninsula,SA Medium,100.00,100.00,100.00,0.00,0.00,2963.80,146.67,2,25,30,29.94,-  ,0.00,0.00,0.00,0.07,-   
Wind,Wind,TAS,TAS,North East Tasmania,TAS Low,100.00,100.00,100.00,0.00,0.00,2796.84,410.33,2,25,30,26.73,-  ,0.00,0.00,0.00,0.07,-   
Wind,Wind,TAS,TAS,North West Tasmania,TAS Medium,100.00,100.00,100.00,0.00,0.00,2951.94,377.00,2,25,30,29.14,-  ,0.00,0.00,0.00,0.07,-   
Wind,Wind,TAS,TAS,Central Highlands,TAS Low,100.00,100.00,100.00,0.00,0.00,2796.84,357.00,2,25,30,26.73,-  ,0.00,0.00,0.00,0.07,-   
Wind,Wind,NSW,CNSW,New South Wales Non-REZ,NSW Medium,100.00,100.00,100.00,0.00,0.00,2955.89,367.00,2,25,30,28.87,-  ,0.00,0.00,0.00,0.07,-   
Wind,Wind,VIC,VIC,Victoria Non-REZ,VIC Medium,100.00,100.00,100.00,0.00,0.00,2861.53,347.00,2,25,30,27.53,-  ,0.00,0.00,0.00,0.07,-   
Wind - offshore (fixed),Wind,NSW,SNW,Hunter Coast,NSW Low,100.00,100.00,100.00,0.00,0.00,6075.76, The connection costs for the new offshore REZs are determined as per the 2023 Transmission Expansion Options Report.,9,25,30,169.73,-  ,0.00,0.00,0.00,0.07,-   
Wind - offshore (fixed),Wind,NSW,SNW,Illawarra Coast,NSW Low,100.00,100.00,100.00,0.00,0.00,6075.76, The connection costs for the new offshore REZs are determined as per the 2023 Transmission Expansion Options Report.,9,25,30,169.73,-  ,0.00,0.00,0.00,0.07,-   
Wind - offshore (fixed),Wind,VIC,VIC,Gippsland Coast,VIC Low,100.00,100.00,100.00,0.00,0.00,6075.76, The connection costs for the new offshore REZs are determined as per the 2023 Transmission Expansion Options Report.,9,25,30,169.73,-  ,0.00,0.00,0.00,0.07,-   
Wind - offshore (fixed),Wind,VIC,VIC,Portland Coast,VIC Low,100.00,100.00,100.00,0.00,0.00,6075.76, The connection costs for the new offshore REZs are determined as per the 2023 Transmission Expansion Options Report.,9,25,30,169.73,-  ,0.00,0.00,0.00,0.07,-   
Wind - offshore (fixed),Wind,SA,SESA,South East SA Coast,SA Low,100.00,100.00,100.00,0.00,0.00,6075.76, The connection costs for the new offshore REZs are determined as per the 2023 Transmission Expansion Options Report.,9,25,30,169.73,-  ,0.00,0.00,0.00,0.07,-   
Wind - offshore (fixed),Wind,TAS,TAS,North West Tasmania Coast,TAS Low,100.00,100.00,100.00,0.00,0.00,6075.76, The connection costs for the new offshore REZs are determined as per the 2023 Transmission Expansion Options Report.,9,25,30,169.73,-  ,0.00,0.00,0.00,0.07,-   
Wind - offshore (fixed),Wind,TAS,TAS,North East Tasmania Coast,TAS Low,100.00,100.00,100.00,0.00,0.00,6075.76, The connection costs for the new offshore REZs are determined as per the 2023 Transmission Expansion Options Report.,9,25,30,169.73,-  ,0.00,0.00,0.00,0.07,-   
Wind - offshore (floating),Wind,NSW,SNW,Hunter Coast,NSW Low,100.00,100.00,100.00,0.00,0.00,8417.53, The connection costs for the new offshore REZs are determined as per the 2023 Transmission Expansion Options Report.,9,25,30,625.63,-  ,0.00,0.00,0.00,0.07,-   
Wind - offshore (floating),Wind,NSW,SNW,Illawarra Coast,NSW Low,100.00,100.00,100.00,0.00,0.00,8417.53, The connection costs for the new offshore REZs are determined as per the 2023 Transmission Expansion Options Report.,9,25,30,625.63,-  ,0.00,0.00,0.00,0.07,-   
Wind - offshore (floating),Wind,VIC,VIC,Gippsland Coast,VIC Low,100.00,100.00,100.00,0.00,0.00,8417.53, The connection costs for the new offshore REZs are determined as per the 2023 Transmission Expansion Options Report.,9,25,30,625.63,-  ,0.00,0.00,0.00,0.07,-   
Wind - offshore (floating),Wind,VIC,VIC,Portland Coast,VIC Low,100.00,100.00,100.00,0.00,0.00,8417.53, The connection costs for the new offshore REZs are determined as per the 2023 Transmission Expansion Options Report.,9,25,30,625.63,-  ,0.00,0.00,0.00,0.07,-   
Wind - offshore (floating),Wind,SA,SESA,South East SA Coast,SA Low,100.00,100.00,100.00,0.00,0.00,8417.53, The connection costs for the new offshore REZs are determined as per the 2023 Transmission Expansion Options Report.,9,25,30,625.63,-  ,0.00,0.00,0.00,0.07,-   
Wind - offshore (floating),Wind,TAS,TAS,North West Tasmania Coast,TAS Low,100.00,100.00,100.00,0.00,0.00,8417.53, The connection costs for the new offshore REZs are determined as per the 2023 Transmission Expansion Options Report.,9,25,30,625.63,-  ,0.00,0.00,0.00,0.07,-   
Wind - offshore (floating),Wind,TAS,TAS,North East Tasmania Coast,TAS Low,100.00,100.00,100.00,0.00,0.00,8417.53, The connection costs for the new offshore REZs are determined as per the 2023 Transmission Expansion Options Report.,9,25,30,625.63,-  ,0.00,0.00,0.00,0.07,-   
Pumped Hydro (8hrs storage),Water,QLD,NQ,N/A,NQ,100.00,100.00,100.00,0.27,1.00,3389.02,-  ,6,40,50,19.09,-  ,0.00,0.00,0.00,0.50,-   
Pumped Hydro (8hrs storage),Water,QLD,CQ,N/A,CQ,100.00,100.00,100.00,0.27,1.00,3389.02,-  ,6,40,50,19.09,-  ,0.00,0.00,0.00,0.50,-   
Pumped Hydro (8hrs storage),Water,QLD,GG,N/A,GG,100.00,100.00,100.00,0.27,1.00,-  ,-  ,6,40,50,19.09,-  ,0.00,0.00,0.00,0.50,-   
Pumped Hydro (8hrs storage),Water,QLD,SQ,N/A,SQ,100.00,100.00,100.00,0.27,1.00,3737.99,-  ,6,40,50,19.09,-  ,0.00,0.00,0.00,0.50,-   
Pumped Hydro (8hrs storage),Water,NSW,NNSW,N/A,NNSW,100.00,100.00,100.00,0.27,1.00,2956.16,-  ,6,40,50,19.09,-  ,0.00,0.00,0.00,0.50,-   
Pumped Hydro (8hrs storage),Water,NSW,CNSW,N/A,CNSW,100.00,100.00,100.00,0.27,1.00,3439.35,-  ,6,40,50,19.09,-  ,0.00,0.00,0.00,0.50,-   
Pumped Hydro (8hrs storage),Water,NSW,SNW,N/A,SNW,100.00,100.00,100.00,0.27,1.00,-  ,-  ,6,40,50,19.09,-  ,0.00,0.00,0.00,0.50,-   
Pumped Hydro (8hrs storage),Water,NSW,SNSW,N/A,SNSW,100.00,100.00,100.00,0.27,1.00,3503.10,-  ,6,40,50,19.09,-  ,0.00,0.00,0.00,0.50,-   
Pumped Hydro (8hrs storage),Water,VIC,VIC,N/A,VIC,100.00,100.00,100.00,0.27,1.00,3355.46,-  ,6,40,50,19.09,-  ,0.00,0.00,0.00,0.50,-   
Pumped Hydro (8hrs storage),Water,SA,CSA,N/A,CSA,100.00,100.00,100.00,0.27,1.00,4533.23,-  ,6,40,50,19.09,-  ,0.00,0.00,0.00,0.50,-   
Pumped Hydro (8hrs storage),Water,SA,SESA,N/A,SESA,100.00,100.00,100.00,0.27,1.00,-  ,-  ,6,40,50,19.09,-  ,0.00,0.00,0.00,0.50,-   
Pumped Hydro (8hrs storage),Water,TAS,TAS,N/A,TAS,100.00,100.00,100.00,0.27,1.00,2509.89,-  ,6,40,50,19.09,-  ,0.00,0.00,0.00,0.50,-   
Pumped Hydro (24hrs storage),Water,QLD,NQ,N/A,NQ,100.00,100.00,100.00,0.27,1.00,4144.09,-  ,6,40,50,19.09,-  ,0.00,0.00,0.00,0.50,-   
Pumped Hydro (24hrs storage),Water,QLD,CQ,N/A,CQ,100.00,100.00,100.00,0.27,1.00,4144.09,-  ,6,40,50,19.09,-  ,0.00,0.00,0.00,0.50,-   
Pumped Hydro (24hrs storage),Water,QLD,GG,N/A,GG,100.00,100.00,100.00,0.27,1.00,-  ,-  ,6,40,50,19.09,-  ,0.00,0.00,0.00,0.50,-   
Pumped Hydro (24hrs storage),Water,QLD,SQ,N/A,SQ,100.00,100.00,100.00,0.27,1.00,4539.67,-  ,6,40,50,19.09,-  ,0.00,0.00,0.00,0.50,-   
Pumped Hydro (24hrs storage),Water,NSW,NNSW,N/A,NNSW,100.00,100.00,100.00,0.27,1.00,3870.96,-  ,6,40,50,19.09,-  ,0.00,0.00,0.00,0.50,-   
Pumped Hydro (24hrs storage),Water,NSW,CNSW,N/A,CNSW,100.00,100.00,100.00,0.27,1.00,5085.93,-  ,6,40,50,19.09,-  ,0.00,0.00,0.00,0.50,-   
Pumped Hydro (24hrs storage),Water,NSW,SNW,N/A,SNW,100.00,100.00,100.00,0.27,1.00,-  ,-  ,6,40,50,19.09,-  ,0.00,0.00,0.00,0.50,-   
Pumped Hydro (24hrs storage),Water,NSW,SNSW,N/A,SNSW,100.00,100.00,100.00,0.27,1.00,4728.03,-  ,6,40,50,19.09,-  ,0.00,0.00,0.00,0.50,-   
Pumped Hydro (24hrs storage),Water,VIC,VIC,N/A,VIC,100.00,100.00,100.00,0.27,1.00,4709.20,-  ,6,40,50,19.09,-  ,0.00,0.00,0.00,0.50,-   
Pumped Hydro (24hrs storage),Water,SA,CSA,N/A,CSA,100.00,100.00,100.00,0.27,1.00,7850.23,-  ,6,40,50,19.09,-  ,0.00,0.00,0.00,0.50,-   
Pumped Hydro (24hrs storage),Water,SA,SESA,N/A,SESA,100.00,100.00,100.00,0.27,1.00,-  ,-  ,6,40,50,19.09,-  ,0.00,0.00,0.00,0.50,-   
Pumped Hydro (24hrs storage),Water,TAS,TAS,N/A,TAS,100.00,100.00,100.00,0.27,1.00,2910.28,-  ,6,40,50,19.09,-  ,0.00,0.00,0.00,0.50,-   
Pumped Hydro (48hrs storage),Water,QLD,NQ,N/A,NQ,100.00,100.00,100.00,0.27,1.00,6112.36,-  ,6,40,50,19.09,-  ,0.00,0.00,0.00,0.50,-   
Pumped Hydro (48hrs storage),Water,QLD,CQ,N/A,CQ,100.00,100.00,100.00,0.27,1.00,6112.36,-  ,6,40,50,19.09,-  ,0.00,0.00,0.00,0.50,-   
Pumped Hydro (48hrs storage),Water,QLD,GG,N/A,GG,100.00,100.00,100.00,0.27,1.00,-  ,-  ,6,40,50,19.09,-  ,0.00,0.00,0.00,0.50,-   
Pumped Hydro (48hrs storage),Water,QLD,SQ,N/A,SQ,100.00,100.00,100.00,0.27,1.00,6197.25,-  ,6,40,50,19.09,-  ,0.00,0.00,0.00,0.50,-   
Pumped Hydro (48hrs storage),Water,NSW,NNSW,N/A,NNSW,100.00,100.00,100.00,0.27,1.00,4414.48,-  ,6,40,50,19.09,-  ,0.00,0.00,0.00,0.50,-   
Pumped Hydro (48hrs storage),Water,NSW,CNSW,N/A,CNSW,100.00,100.00,100.00,0.27,1.00,7930.50,-  ,6,40,50,19.09,-  ,0.00,0.00,0.00,0.50,-   
Pumped Hydro (48hrs storage),Water,NSW,SNW,N/A,SNW,100.00,100.00,100.00,0.27,1.00,-  ,-  ,6,40,50,19.09,-  ,0.00,0.00,0.00,0.50,-   
Pumped Hydro (48hrs storage),Water,NSW,SNSW,N/A,SNSW,100.00,100.00,100.00,0.27,1.00,6444.86,-  ,6,40,50,19.09,-  ,0.00,0.00,0.00,0.50,-   
Pumped Hydro (48hrs storage),Water,VIC,VIC,N/A,VIC,100.00,100.00,100.00,0.27,1.00,7074.49,-  ,6,40,50,19.09,-  ,0.00,0.00,0.00,0.50,-   
Pumped Hydro (48hrs storage),Water,SA,CSA,N/A,CSA,100.00,100.00,100.00,0.27,1.00,-  ,-  ,6,40,50,19.09,-  ,0.00,0.00,0.00,0.50,-   
Pumped Hydro (48hrs storage),Water,SA,SESA,N/A,SESA,100.00,100.00,100.00,0.27,1.00,-  ,-  ,6,40,50,19.09,-  ,0.00,0.00,0.00,0.50,-   
Pumped Hydro (48hrs storage),Water,TAS,TAS,N/A,TAS,100.00,100.00,100.00,0.27,1.00,3282.56,-  ,6,40,50,19.09,-  ,0.00,0.00,0.00,0.50,-   
BOTN - Cethana,Water,TAS,TAS,N/A,TAS,100.00,100.00,100.00,0.27,1.00,2400.75,-  ,6,40,50,20.81,-  ,0.00,0.00,0.00,0.50,-   
Hydrogen reciprocating engines,Hydrogen,QLD,NQ,N/A,QLD Low,100.00,100.00,100.00,0.74,2.70,2606.95,110.49,4,25,40,35.29,-  ,11.70,18.82,0.00,4.00,220.20 
Hydrogen reciprocating engines,Hydrogen,QLD,CQ,N/A,QLD Low,100.00,100.00,100.00,0.74,2.70,2606.95,110.49,4,25,40,35.29,-  ,11.70,18.82,0.00,4.00,220.20 
Hydrogen reciprocating engines,Hydrogen,QLD,GG,N/A,QLD Low,100.00,100.00,100.00,0.74,2.70,2606.95,110.49,4,25,40,35.29,-  ,11.70,18.82,0.00,4.00,220.20 
Hydrogen reciprocating engines,Hydrogen,QLD,SQ,N/A,QLD Low,100.00,100.00,100.00,0.74,2.70,2606.95,110.49,4,25,40,35.29,-  ,11.70,18.82,0.00,4.00,220.20 
Hydrogen reciprocating engines,Hydrogen,NSW,NNSW,N/A,NSW Low,100.00,100.00,100.00,0.74,2.70,2606.95,85.54,4,25,40,35.29,-  ,11.70,18.82,0.00,4.00,220.20 
Hydrogen reciprocating engines,Hydrogen,NSW,CNSW,N/A,NSW Low,100.00,100.00,100.00,0.74,2.70,2606.95,85.54,4,25,40,35.29,-  ,11.70,18.82,0.00,4.00,220.20 
Hydrogen reciprocating engines,Hydrogen,NSW,SNW,N/A,NSW Low,100.00,100.00,100.00,0.74,2.70,2606.95,85.54,4,25,40,35.29,-  ,11.70,18.82,0.00,4.00,220.20 
Hydrogen reciprocating engines,Hydrogen,NSW,SNSW,N/A,NSW Medium,100.00,100.00,100.00,0.74,2.70,2731.31,85.54,4,25,40,38.11,-  ,11.70,18.82,0.00,4.00,220.20 
Hydrogen reciprocating engines,Hydrogen,VIC,VIC,N/A,VIC Low,100.00,100.00,100.00,0.74,2.70,2606.95,115.48,4,25,40,35.29,-  ,11.70,18.82,0.00,4.00,220.20 
Hydrogen reciprocating engines,Hydrogen,SA,CSA,N/A,SA Low,100.00,100.00,100.00,0.74,2.70,2606.95,110.49,4,25,40,35.29,-  ,11.70,18.82,0.00,4.00,220.20 
Hydrogen reciprocating engines,Hydrogen,SA,SESA,N/A,SA Medium,100.00,100.00,100.00,0.74,2.70,2683.60,110.49,4,25,40,39.52,-  ,11.70,18.82,0.00,4.00,220.20 
Hydrogen reciprocating engines,Hydrogen,TAS,TAS,N/A,TAS Low,100.00,100.00,100.00,0.74,2.70,2606.95,115.48,4,25,40,35.29,-  ,11.70,18.82,0.00,4.00,220.20 